Year,Sex,Age,Location,Quantile,Units,Value
2004,,,,,CON_PPP_USD,
2004,,,,,CON_PPP_USD,
2004,FEMALE,,,,CON_PPP_USD,
2004,FEMALE,,,,CON_PPP_USD,
2004,MALE,,,,CON_PPP_USD,
2004,MALE,,,,CON_PPP_USD,
2005,,,,,CON_PPP_USD,
2005,,,,,CON_PPP_USD,
2005,FEMALE,,,,CON_PPP_USD,
2005,FEMALE,,,,CON_PPP_USD,
2005,MALE,,,,CON_PPP_USD,
2005,MALE,,,,CON_PPP_USD,
2006,,,,,CON_PPP_USD,
2006,,,,,CON_PPP_USD,
2006,FEMALE,,,,CON_PPP_USD,
2006,FEMALE,,,,CON_PPP_USD,
2006,MALE,,,,CON_PPP_USD,
2006,MALE,,,,CON_PPP_USD,
2007,,,,,CON_PPP_USD,
2007,,,,,CON_PPP_USD,
2007,FEMALE,,,,CON_PPP_USD,
2007,FEMALE,,,,CON_PPP_USD,
2007,MALE,,,,CON_PPP_USD,
2007,MALE,,,,CON_PPP_USD,
2008,,,,,CON_PPP_USD,
2008,,,,,CON_PPP_USD,
2008,FEMALE,,,,CON_PPP_USD,
2008,FEMALE,,,,CON_PPP_USD,
2008,MALE,,,,CON_PPP_USD,
2008,MALE,,,,CON_PPP_USD,
2009,,,,,CON_PPP_USD,
2009,,,,,CON_PPP_USD,
2009,FEMALE,,,,CON_PPP_USD,
2009,FEMALE,,,,CON_PPP_USD,
2009,MALE,,,,CON_PPP_USD,
2009,MALE,,,,CON_PPP_USD,
2010,,,,,CON_PPP_USD,
2010,,,,,CON_PPP_USD,
2010,FEMALE,,,,CON_PPP_USD,
2010,FEMALE,,,,CON_PPP_USD,
2010,MALE,,,,CON_PPP_USD,
2010,MALE,,,,CON_PPP_USD,
2011,,,,,CON_PPP_USD,
2011,,,,,CON_PPP_USD,
2011,FEMALE,,,,CON_PPP_USD,
2011,FEMALE,,,,CON_PPP_USD,
2011,MALE,,,,CON_PPP_USD,
2011,MALE,,,,CON_PPP_USD,
2012,,,,,CON_PPP_USD,
2012,,,,,CON_PPP_USD,
2012,FEMALE,,,,CON_PPP_USD,
2012,FEMALE,,,,CON_PPP_USD,
2012,MALE,,,,CON_PPP_USD,
2012,MALE,,,,CON_PPP_USD,
2013,,,,,CON_PPP_USD,
2013,,,,,CON_PPP_USD,
2013,FEMALE,,,,CON_PPP_USD,
2013,FEMALE,,,,CON_PPP_USD,
2013,MALE,,,,CON_PPP_USD,
2013,MALE,,,,CON_PPP_USD,
2014,,,,,CON_PPP_USD,
2014,,,,,CON_PPP_USD,
2014,FEMALE,,,,CON_PPP_USD,
2014,FEMALE,,,,CON_PPP_USD,
2014,MALE,,,,CON_PPP_USD,
2014,MALE,,,,CON_PPP_USD,
2015,,,,,CON_PPP_USD,
2015,,,,,CON_PPP_USD,
2015,FEMALE,,,,CON_PPP_USD,
2015,FEMALE,,,,CON_PPP_USD,
2015,MALE,,,,CON_PPP_USD,
2015,MALE,,,,CON_PPP_USD,
2016,,,,,CON_PPP_USD,
2016,,,,,CON_PPP_USD,
2016,FEMALE,,,,CON_PPP_USD,
2016,FEMALE,,,,CON_PPP_USD,
2016,MALE,,,,CON_PPP_USD,
2016,MALE,,,,CON_PPP_USD,
